AAHED AALII AARGH AARTI ABACA ABACI ABACK ABACS ABAFT ABAKA ABAMP ABAND ABASE ABASH ABASK ABATE ABAYA ABBAS ABBED ABBES ABBEY ABBOT ABCEE ABEAM ABEAR ABELE ABETS ABHOR ABIDE ABIES ABLED ABLER ABLES ABLET ABLOW ABMHO ABODE ABOHM ABOIL ABOMA ABOON ABORD ABORE ABORT ABOUT ABOVE ABRAM ABRAY ABRIM ABRIN ABRIS ABSEY ABSIT ABUNA ABUNE ABUSE ABUTS ABUZZ ABYES ABYSM ABYSS ACAIS ACARI ACCAS ACCOY ACERB ACERS ACETA ACHED ACHES ACHOO ACIDS ACIDY ACING ACINI ACKEE ACKER ACMES ACMIC ACNED ACNES ACOCK ACOLD ACORN ACRED ACRES ACRID ACTED ACTIN ACTON ACTOR ACUTE ACYLS ADAGE ADAPT ADAWS ADAYS ADDAX ADDED ADDER ADDIO ADDLE ADEEM ADEPT ADHAN ADIEU ADIOS ADITS ADMAN ADMEN ADMIN ADMIT ADMIX ADOBE ADOBO ADOPT ADORE ADORN ADOWN ADOZE ADRAD ADRED ADSUM ADUKI ADULT ADUNC ADUST ADVEW ADYTA ADZED ADZES AECIA AEDES AEGIS AEONS AERIE AEROS AESIR AFALD AFARA AFARS AFEAR AFFIX AFIRE AFLAJ AFOOT AFORE AFOUL AFRIT AFROS AFTER AGAIN AGAMA AGAMI AGAPE AGARS AGAST AGATE AGAVE AGAZE AGENE AGENT AGERS AGGER AGGIE AGGRI AGGRO AGGRY AGHAS AGILA AGILE AGING AGIOS AGISM AGIST AGITA AGLEE AGLET AGLEY AGLOO AGLOW AGLUS AGMAS AGOGE AGONE AGONS AGONY AGOOD AGORA AGREE AGRIA AGRIN AGUED AGUES AGUTI AHEAD AHEAP AHENT AHIGH AHIND AHING AHINT AHOLD AHULL AHURU AIDED AIDER AIDES AIDOI AIDOS AIERY AIGAS AILED AIMED AIMER AINEE AINGA AIOLI AIRED AIRER AIRNS AIRTH AIRTS AISLE AITCH AITUS AIVER AIZLE AJIVA AJUGA AJWAN AKEES AKELA AKENE AKING AKITA AKKAS ALAAP ALACK ALAMO ALAND ALANE ALANG ALANS ALANT ALAPA ALAPS ALARM ALARY ALATE ALAYS ALBAS ALBEE ALBUM ALCID ALCOS ALDEA ALDER ALDOL ALECK ALECS ALEFS ALEFT ALEPH ALERT ALEWS ALEYE ALFAS ALGAE ALGAL ALGAS ALGID ALGIN ALGOR ALGUM ALIAS ALIBI ALIEN ALIFS ALIGN ALIKE ALINE ALIST ALIVE ALIYA ALKIE ALKOS ALKYD ALKYL ALLAY ALLEE ALLEL ALLEY ALLIS ALLOD ALLOT ALLOW ALLOY ALLYL ALMAH ALMAS ALMEH ALMES ALMUD ALMUG ALODS ALOED ALOES ALOFT ALOHA ALOIN ALONE ALONG ALOOF ALOUD ALOWE ALPHA ALTAR ALTER ALTHO ALTOS ALULA ALUMS ALURE ALWAY AMAHS AMAIN AMASS AMATE AMAUT AMAZE AMBAN AMBER AMBIT AMBLE AMBOS AMBRY AMEBA AMEER AMEND AMENE AMENS AMENT AMIAS AMICE AMICI AMIDE AMIDO AMIDS AMIES AMIGA AMIGO AMINE AMINO AMINS AMIRS AMISS AMITY AMLAS AMMAN AMMON AMMOS AMNIA AMNIC AMNIO AMOKS AMOLE AMONG AMORT AMOUR AMOVE AMOWT AMPED AMPLE AMPLY AMPUL AMRIT AMUCK AMUSE AMYLS ANANA ANATA ANCHO ANCLE ANCON ANDRO ANEAR ANELE ANENT ANGAS ANGEL ANGER ANGLE ANGLO ANGRY ANGST ANIGH ANILE ANILS ANIMA ANIME ANIMI ANION ANISE ANKER ANKHS ANKLE ANKUS ANLAS ANNAL ANNAS ANNAT ANNEX ANNOY ANNUL ANOAS ANODE ANOLE ANOMY ANSAE ANTAE ANTAR ANTAS ANTED ANTES ANTIC ANTIS ANTRA ANTRE ANTSY ANVIL ANYON AORTA APACE APAGE APAID APART APAYD APAYS APEAK APEEK APERS APERT APERY APGAR APHID APHIS APIAN APING APIOL APISH APISM APNEA APODE APODS APOOP APORT APPAL APPAY APPEL APPLE APPLY APPRO APPUI APPUY APRES APRON APSES APSIS APSOS APTED APTER APTLY AQUAE AQUAS ARABA ARAKS ARAME ARARS ARBAS ARBOR ARCED ARCUS ARDEB ARDOR ARDRI AREAD AREAE AREAL AREAR AREAS ARECA AREDD AREDE AREFY AREIC ARENA ARENE AREPA ARERE ARETE ARETS ARETT ARGAL ARGAN ARGIL ARGLE ARGOL ARGON ARGOT ARGUE ARGUS ARHAT ARIAS ARIEL ARIKI ARILS ARIOT ARISE ARISH ARKED ARLED ARLES ARMED ARMER ARMET ARMIL ARMOR ARNAS ARNUT AROBA AROHA AROID AROMA AROSE ARPAS ARPEN ARRAH ARRAS ARRAY ARRET ARRIS ARROW ARSED ARSES ARSEY ARSIS ARSON ARTAL ARTEL ARTIC ARTIS ARTSY ARUHE ARUMS ARVAL ARVOS ARYLS ASANA ASCOT ASCUS ASDIC ASHED ASHEN ASHES ASHET ASIDE ASKED ASKER ASKEW ASKOI ASKOS ASPEN ASPER ASPIC ASPIS ASPRO ASSAI ASSAM ASSAY ASSES ASSET ASSEZ ASSOT ASTER ASTIR ASTUN ASWAY ASWIM ASYLA ATAPS ATAXY ATIGI ATILT ATIMY ATLAS ATMAN ATMAS ATOCS ATOKE ATOKS ATOLL ATOMS ATOMY ATONE ATONY ATOPY ATRIA ATRIP ATTAP ATTAR ATTIC ATUAS AUDAD AUDIO AUDIT AUGER AUGHT AUGUR AULAS AULIC AULOI AULOS AUMIL AUNES AUNTS AUNTY AURAE AURAL AURAR AURAS AUREI AURES AURIC AURIS AURUM AUTOS AUXIN AVAIL AVALE AVANT AVAST AVELS AVENS AVERS AVERT AVGAS AVIAN AVINE AVION AVISE AVISO AVIZE AVOID AVOWS AVYZE AWAIT AWAKE AWARD AWARE AWARN AWASH AWATO AWAVE AWAYS AWDLS AWEEL AWETO AWFUL AWING AWMRY AWNED AWNER AWOKE AWOLS AWORK AXELS AXIAL AXILE AXILS AXING AXIOM AXION AXITE AXLED AXLES AXMAN AXMEN AXOID AXONE AXONS AYAHS AYELP AYGRE AYINS AYONT AYRES AYRIE AZANS AZIDE AZIDO AZINE AZLON AZOIC AZOLE AZONS AZOTE AZOTH AZUKI AZURE AZURN AZURY AZYGY AZYME AZYMS BAAED BAALS BABAS BABEL BABES BABKA BABOO BABUL BABUS BACCA BACCO BACCY BACHA BACHS BACKS BACON BADDY BADGE BADLY BAELS BAFFS BAFFY BAFTS BAGEL BAGGY BAGHS BAGIE BAHTS BAHUT BAILS BAIRN BAITH BAITS BAIZA BAIZE BAJAN BAJRA BAJRI BAJUS BAKED BAKEN BAKER BAKES BAKRA BALAS BALDS BALDY BALED BALER BALES BALKS BALKY BALLS BALLY BALMS BALMY BALOO BALSA BALTI BALUN BALUS BAMBI BANAK BANAL BANCO BANCS BANDA BANDH BANDS BANDY BANED BANES BANGS BANIA BANJO BANKS BANNS BANTS BANTU BANTY BAPUS BARBE BARBS BARBY BARCA BARDE BARDO BARDS BARDY BARED BARER BARES BARFS BARGE BARIC BARKS BARKY BARMS BARMY BARNS BARNY BARON BARPS BARRA BARRE BARRO BARRY BARYE BASAL BASAN BASED BASER BASES BASHO BASIC BASIL BASIN BASIS BASKS
BASON BASSE BASSI BASSO BASSY BASTA BASTE BASTI BASTO BASTS BATCH BATED BATES BATHE BATHS BATIK BATON BATTA BATTS BATTU BATTY BAUDS BAUKS BAULK BAURS BAVIN BAWDS BAWDY BAWLS BAWNS BAWRS BAWTY BAYED BAYES BAYLE BAYOU BAYTS BAZAR BAZOO BEACH BEADS BEADY BEAKS BEAKY BEAMS BEAMY BEANO BEANS BEANY BEARD BEARE BEARS BEAST BEATH BEATS BEATY BEAUS BEAUT BEAUX BEBOP BECAP BECKE BECKS BEDAD BEDEL BEDES BEDEW BEDIM BEDYE BEECH BEEDI BEEFS BEEFY BEEPS BEERS BEERY BEETS BEFIT BEFOG BEGAD BEGAN BEGAR BEGAT BEGEM BEGET BEGIN BEGOT BEGUM BEGUN BEIGE BEIGY BEING BEKAH BELAH BELAR BELAY BELCH BELEE BELGA BELIE BELLE BELLS BELLY BELON BELOW BELTS BEMAD BEMAS BEMIX BEMUD BENCH BENDS BENDY BENES BENET BENIS BENNE BENNI BENNY BENTO BENTS BENTY BEPAT BERAY BERES BERET BERGS BERKO BERKS BERME BERMS BEROB BERRY BERTH BERYL BESAT BESAW BESEE BESES BESET BESIT BESOM BESOT BESTI BESTS BETAS BETED BETEL BETES BETHS BETID BETON BETTA BETTY BEVEL BEVER BEVOR BEVUE BEVVY BEWET BEWIG BEZEL BEZES BEZIL BHAJI BHANG BHELS BHOOT BHUNA BHUTS BIALI BIALY BIBBS BIBLE BICCY BICEP BICES BIDDY BIDED BIDER BIDES BIDET BIDIS BIDON BIELD BIERS BIFFO BIFFS BIFFY BIFID BIGAE BIGGS BIGGY BIGHA BIGHT BIGLY BIGOS BIGOT BIJOU BIKED BIKER BIKES BIKIE BILBO BILBY BILED BILES BILGE BILGY BILKS BILLS BILLY BIMAH BIMAS BIMBO BINAL BINDI BINDS BINER BINES BINGE BINGO BINGS BINGY BINIT BINKS BINTS BIOGS BIOME BIONT BIOTA BIPED BIPOD BIRCH BIRDS BIRKS BIRLE BIRLS BIROS BIRRS BIRSE BIRSY BIRTH BISES BISKS BISON BITCH BITER BITES BITOS BITOU BITSY BITTE BITTS BITTY BIVIA BIVVY BIZES BIZZO BIZZY BLABS BLACK BLADE BLADS BLADY BLAER BLAES BLAFF BLAGS BLAHS BLAIN BLAME BLAMS BLAND BLANK BLARE BLART BLASE BLASH BLAST BLATE BLATS BLATT BLAUD BLAWN BLAWS BLAYS BLAZE BLEAK BLEAR BLEAT BLEBS BLEED BLEEP BLEES BLEND BLENT BLERT BLESS BLEST BLETS BLEYS BLIMP BLIMY BLIND BLING BLINI BLINK BLINS BLINY BLIPS BLISS BLIST BLITE BLITZ BLIVE BLOAT BLOBS BLOCK BLOCS BLOGS BLOKE BLOND BLOOD BLOOM BLOOP BLORE BLOTS BLOWN BLOWS BLOWY BLUBS BLUDE BLUDY BLUED BLUER BLUES BLUET BLUEY BLUFF BLUID BLUME BLUNK BLUNT BLURB BLURS BLURT BLUSH BLYPE BOABS BOAKS BOARD BOARS BOART BOAST BOATS BOBAC BOBAK BOBAS BOBBY BOBOL BOCCA BOCCE BOCCI BOCHE BOCKS BODED BODES BODGE BODLE BOEPS BOETS BOEUF BOFFO BOFFS BOGAN BOGEY BOGGY BOGIE BOGLE BOGUS BOHEA BOHOS BOILS BOING BOINK BOITE BOKED BOKES BOKOS BOLAR BOLAS BOLDS BOLES BOLIX BOLLS BOLOS BOLTS BOLUS BOMAS BOMBE BOMBO BOMBS BONCE BONDS BONED BONER BONES BONEY BONGO BONGS BONIE BONKS BONNE BONNY BONUS BONZA BONZE BOOBS BOOBY BOODY BOOED BOOFY BOOGY BOOHS BOOKS BOOKY BOOLS BOOMS BOOMY BOONG BOONS BOORD BOORS BOOSE BOOST BOOTH BOOTS BOOTY BOOZE BOOZY BORAK BORAL BORAS BORAX BORDE BORDS BORED BOREE BOREL BORER BORES BORGO BORIC BORKS BORMS BORNA BORNE BORON BORTS BORTY BORTZ BOSKS BOSKY BOSOM BOSON BOSSY BOSUN BOTAS BOTCH BOTEL BOTHY BOTTE BOTTS BOTTY BOUGE BOUGH BOUKS BOULE BOULT BOUND BOUNS BOURD BOURG BOURN BOUSE BOUSY BOUTS BOVID BOWAT BOWED BOWEL BOWER BOWES BOWET BOWIE BOWLS BOWNE BOWRS BOWSE BOXED BOXEN BOXER BOXES BOYAR BOYAU BOYED BOYFS BOYGS BOYLA BOYOS BOYSY BOZOS BRAAI BRACE BRACH BRACK BRACT BRADS BRAES BRAGS BRAID BRAIL BRAIN BRAKE BRAKS BRAKY BRAME BRAND BRANK BRANS BRANT BRASH BRASS BRAST BRATS BRAVA BRAVE BRAVI BRAVO BRAWL BRAWN BRAWS BRAXY BRAYS BRAZA BRAZE BREAD BREAK BREAM BREDE BREDS BREED BREEM BREER BREES BREID BREIS BREME BRENS BRENT BRERE BRERS BREVE BREWS BREYS BRIAR BRIBE BRICK BRIDE BRIEF BRIER BRIES BRIGS BRIKS BRILL BRIMS BRINE BRING BRINK BRINS BRINY BRIOS BRISE BRISK BRISS BRITH BRITS BRITT BRIZE BROAD BROCH BROCK BRODS BROGH BROGS BROIL BROKE BROME BROMO BRONC BROND BROOD BROOK BROOL BROOM BROOS BROSE BROSY BROTH BROWN BROWS BRUGH BRUIN BRUIT BRULE BRUME BRUNG BRUNT BRUSH BRUSK BRUST BRUTE BRUTS BUATS BUAZE BUBAL BUBAS BUBBA BUBBY BUBUS BUCHU BUCKO BUCKS BUCKU BUDAS BUDDY BUDGE BUDIS BUDOS BUFFA BUFFE BUFFI BUFFO BUFFS BUFFY BUFOS BUGGY BUGLE BUHLS BUHRS BUIKS BUILD BUILT BUIST BUKES BULBS BULGE BULGY BULKS BULKY BULLA BULLS BULLY BULSE BUMBO BUMFS BUMPH BUMPS BUMPY BUNAS BUNCE BUNCH BUNCO BUNDE BUNDH BUNDS BUNDT BUNDU BUNDY BUNGS BUNGY BUNIA BUNJE BUNJY BUNKO BUNKS BUNNS BUNNY BUNTS BUNTY BUNYA BUOYS BUPPY BURAN BURAS BURBS BURDS BURET BURGH BURGS BURIN BURKA BURKE BURKS BURLS BURLY BURNS BURNT BUROO BURPS BURQA BURRO BURRS BURRY BURSA BURSE BURST BUSBY BUSED BUSES BUSHY BUSKS BUSKY BUSSU BUSTI BUSTS BUSTY BUTCH BUTEO BUTES BUTLE BUTTE BUTTS BUTTY BUTUT BUTYL BUXOM BUYER BUZZY BWANA BWAZI BYDED BYDES BYKED BYKES BYLAW BYRES BYRLS BYSSI BYTES BYWAY CAAED CABAL CABAS CABBY CABER CABIN CABLE CABOB CABOC CABRE CACAO CACAS CACHE CACKY CACTI CADDY CADEE CADES CADET CADGE CADGY CADIE CADIS CADRE CAECA CAESE CAFES CAFFS CAGED CAGER CAGES CAGEY CAGOT CAHOW CAIDS CAINS CAIRD CAIRN CAJON CAJUN CAKED CAKES CAKEY CALFS CALID CALIF CALIX CALKS CALLA CALLS CALMS CALMY CALOS CALPA CALPS CALVE CALYX CAMAN CAMAS CAMEL CAMEO CAMES CAMIS CAMOS CAMPI CAMPO CAMPS CAMPY CAMUS CANAL CANDY CANED CANEH CANER CANES CANGS CANID CANNA CANNS CANNY CANOE CANON
CANSO CANST CANTO CANTS CANTY CAPAS CAPED CAPER CAPES CAPHS CAPIZ CAPLE CAPON CAPOS CAPOT CAPUL CAPUT CARAP CARAT CARBO CARBS CARBY CARDI CARDS CARDY CARED CARER CARES CARET CAREX CARGO CARKS CARLE CARLS CARNS CARNY CAROB CAROL CAROM CARPI CARPS CARRS CARRY CARSE CARTA CARTE CARTS CARVE CARVY CASAS CASCO CASED CASES CASKS CASKY CASTE CASTS CASUS CATCH CATER CATES CATTY CAUDA CAUKS CAULD CAULK CAULS CAUMS CAUPS CAUSA CAUSE CAVAS CAVED CAVEL CAVER CAVES CAVIE CAVIL CAWED CAWKS CAXON CEASE CEAZE CEBID CECAL CECUM CEDAR CEDED CEDER CEDES CEDIS CEIBA CEILI CEILS CELEB CELLA CELLI CELLO CELLS CELOM CELTS CENSE CENTO CENTS CENTU CEORL CEPES CERCI CERED CERES CERGE CERIA CERIC CERNE CEROS CERTS CESSE CESTA CESTI CETES CETYL CHACE CHACK CHACO CHADO CHADS CHAFE CHAFF CHAFT CHAIN CHAIR CHAIS CHALK CHALS CHAMP CHAMS CHANG CHANK CHANT CHAOS CHAPE CHAPS CHAPT CHARA CHARD CHARE CHARK CHARM CHARR CHARS CHART CHARY CHASE CHASM CHATS CHAVE CHAVS CHAWK CHAWS CHAYA CHAYS CHEAP CHEAT CHECK CHEEK CHEEP CHEER CHEFS CHEKA CHELA CHELP CHEMO CHERE CHERT CHESS CHEST CHETH CHEVY CHEWS CHEWY CHIAO CHIAS CHIBS CHICA CHICH CHICK CHICO CHICS CHIDE CHIEF CHIEL CHIKS CHILD CHILE CHILI CHILL CHIMB CHIME CHIMO CHIMP CHINA CHINE CHINK CHINO CHINS CHIPS CHIRK CHIRL CHIRM CHIRO CHIRP CHIRR CHIRT CHIRU CHITS CHIVE CHIVS CHIVY CHIZZ CHOCK CHOCO CHOCS CHODE CHOGS CHOIR CHOKE CHOKO CHOKY CHOLA CHOLI CHOLO CHOMP CHONS CHOOF CHOOK CHOOM CHOPS CHORD CHORE CHOSE CHOTA CHOTT CHOUT CHOUX CHOWK CHOWS CHUBS CHUCK CHUFA CHUFF CHUGS CHUMP CHUMS CHUNK CHURL CHURN CHURR CHUSE CHUTE CHYLE CHYME CHYND CIAOS CIBOL CIDED CIDER CIDES CIELS CIGAR CIGGY CILIA CILLS CIMAR CIMEX CINCH CINCT CINES CIONS CIPPI CIRCA CIRCS CIRES CIRLS CIRRI CISCO CISSY CISTS CITAL CITED CITER CITES CIVES CIVET CIVIC CIVIE CIVIL CIVVY CLACH CLACK CLADE CLADS CLAES CLAGS CLAIM CLAME CLAMP CLAMS CLANG CLANK CLANS CLAPS CLAPT CLARO CLART CLARY CLASH CLASP CLASS CLAST CLATS CLAUT CLAVE CLAVI CLAWS CLAYS CLEAN CLEAR CLEAT CLECK CLEEK CLEEP CLEFS CLEFT CLEGS CLEIK CLEMS CLEPE CLEPT CLERK CLEVE CLEWS CLICK CLIED CLIES CLIFF CLIFT CLIMB CLIME CLINE CLING CLINK CLINT CLIPE CLIPS CLIPT CLOAK CLOAM CLOCK CLODS CLOFF CLOGS CLOKE CLOMB CLOMP CLONE CLONK CLONS CLOOP CLOOT CLOPS CLOSE CLOTE CLOTH CLOTS CLOUD CLOUR CLOUS CLOUT CLOVE CLOWN CLOWS CLOYE CLOYS CLOZE CLUBS CLUCK CLUED CLUES CLUMP CLUNG CLUNK CLYPE CNIDA COACH COACT COALA COALS COALY COAPT COARB COAST COATE COATI COATS COBBS COBBY COBIA COBLE COBRA COBZA COCAS COCCI COCCO COCKS COCKY COCOA COCOS CODAS CODEC CODED CODEN CODER CODES CODEX CODON COEDS COFFS COGIE COGON COGUE COHAB COHOE COHOG COHOS COIFS COIGN COILS COINS COIRS COITS COKED COKES COLAS COLBY COLDS COLED COLES COLEY COLIC COLIN COLLS COLLY COLOG COLON COLOR COLTS COLZA COMAE COMAL COMAS COMBE COMBI COMBO COMBS COMBY COMER COMES COMET COMFY COMIC COMIX COMMA COMMO COMMS COMMY COMPO COMPS COMPT COMTE COMUS CONCH CONDO CONED CONES CONEY CONFS CONGA CONGE CONGO CONIA CONIC CONIN CONKS CONKY CONNE CONNS CONTE CONTO CONUS CONVO COOCH COOED COOEE COOER COOEY COOFS COOKS COOKY COOLS COOLY COOMB COOMS COOMY COONS COOPS COOPT COOST COOTS COOZE COPAL COPAY COPED COPEN COPER COPES COPPY COPRA COPSE COPSY CORAL CORAM CORBE CORBY CORDS CORED CORER CORES COREY CORGI CORIA CORKS CORKY CORMS CORNI CORNO CORNS CORNU CORNY CORPS CORSE CORSO COSEC COSED COSES COSET COSEY COSIE COSTA COSTE COSTS COTAN COTED COTES COTHS COTTA COTTS COUCH COUDE COUGH COULD COUNT COUPE COUPS COURB COURD COURE COURS COURT COUTH COVED COVEN COVER COVES COVET COVEY COVIN COWAL COWAN COWED COWER COWKS COWLS COWPS COWRY COXAE COXAL COXED COXES COYED COYER COYLY COYPU COZED COZEN COZES COZEY COZIE CRAAL CRABS CRACK CRAFT CRAGS CRAIC CRAIG CRAKE CRAME CRAMP CRAMS CRANE CRANK CRANS CRAPE CRAPS CRAPY CRARE CRASH CRASS CRATE CRAVE CRAWL CRAWS CRAYS CRAZE CRAZY CREAK CREAM CREDO CREDS CREED CREEK CREEL CREEP CREES CREME CREMS CRENA CREPE CREPT CREPY CRESS CREST CREWE CREWS CRIBS CRICK CRIED CRIER CRIES CRIME CRIMP CRIMS CRINE CRIOS CRIPE CRISE CRISP CRITH CRITS CROAK CROCI CROCK CROCS CROFT CROGS CROMB CROME CRONE CRONK CRONY CROOK CROOL CROON CROPS CRORE CROSS CROST CROUP CROUT CROWD CROWN CROWS CROZE CRUCK CRUDE CRUDS CRUDY CRUEL CRUES CRUET CRUMB CRUMP CRUOR CRURA CRUSE CRUSH CRUST CRUSY CRUVE CRWTH CRYPT CTENE CUBBY CUBEB CUBED CUBER CUBES CUBIC CUBIT CUDDY CUFFO CUFFS CUIFS CUING CUISH CUITS CUKES CULCH CULET CULEX CULLS CULLY CULMS CULPA CULTI CULTS CULTY CUMEC CUMIN CUNDY CUNEI CUNTS CUPEL CUPID CUPPA CUPPY CURAT CURBS CURCH CURDS CURDY CURED CURER CURES CURET CURFS CURIA CURIE CURIO CURLI CURLS CURLY CURNS CURNY CURRS CURRY CURSE CURSI CURST CURVE CURVY CUSEC CUSHY CUSKS CUSPS CUSSO CUTCH CUTER CUTES CUTEY CUTIE CUTIN CUTIS CUTTO CUTTY CUTUP CUVEE CWTCH CYANO CYANS CYBER CYCAD CYCAS CYCLE CYCLO CYDER CYLIX CYMAE CYMAR CYMAS CYMES CYMOL CYNIC CYSTS CYTES CYTON CZARS DABBA DACES DACHA DACKS DADAH DADAS DADDY DADOS DAFFS DAFFY DAGGA DAGGY DAGOS DAHLS DAILY DAINE DAINT DAIRY DAISY DAKER DALED DALES DALIS DALLE DALLY DALTS DAMAN DAMAR
DAMES DAMME DAMNS DAMPS DAMPY DANCE DANDY DANGS DANIO DANKS DANNY DANTS DARAF DARBS DARCY DARED DARER DARES DARGA DARGS DARIC DARIS DARKS DARKY DARNS DARRE DARTS DARZI DASHI DASHY DATAL DATED DATER DATES DATOS DATTO DATUM DAUBE DAUBS DAUBY DAUDS DAULT DAUNT DAURS DAUTS DAVEN DAVIT DAWAH DAWDS DAWED DAWEN DAWKS DAWNS DAWTS DAYAN DAYCH DAYNT DAZED DAZER DAZES DEADS DEAIR DEALS DEALT DEANS DEARE DEARN DEARS DEARY DEASH DEATH DEAVE DEAWS DEAWY DEBAG DEBAR DEBBY DEBEL DEBES DEBIT DEBTS DEBUD DEBUG DEBUS DEBUT DEBYE DECAD DECAF DECAL DECAY DECKO DECKS DECOR DECOS DECOY DECRY DEDAL DEEDS DEEDY DEELY DEEMS DEENS DEEPS DEERE DEERS DEETS DEEVE DEEVS DEFAT DEFER DEFFO DEFIS DEFOG DEGAS DEGUM DEICE DEIDS DEIFY DEIGN DEILS DEISM DEIST DEITY DEKED DEKES DEKKO DELAY DELED DELES DELFS DELFT DELIS DELLS DELLY DELOS DELPH DELTA DELTS DELVE DEMAN DEMES DEMIC DEMIT DEMOB DEMON DEMOS DEMPT DEMUR DENAR DENAY DENES DENET DENIM DENIS DENSE DENTS DEOXY DEPOT DEPTH DERAT DERAY DERBY DERED DERES DERIG DERMA DERMS DERNS DEROS DERRO DERRY DERTH DERVS DESEX DESHI DESKS DESSE DETER DETOX DEUCE DEVAS DEVEL DEVIL DEVON DEVOT DEWAN DEWAR DEWAX DEWED DEXES DEXIE DHAKS DHALS DHOBI DHOLE DHOLL DHOLS DHOTI DHOWS DHUTI DIACT DIALS DIARY DIAZO DIBBS DICED DICER DICES DICEY DICHT DICKS DICKY DICOT DICTA DICTS DICTY DIDDY DIDIE DIDOS DIDST DIEBS DIENE DIETS DIFFS DIGHT DIGIT DIKAS DIKED DIKER DIKES DIKEY DILDO DILLI DILLS DILLY DIMER DIMES DIMLY DIMPS DINAR DINED DINER DINES DINGE DINGO DINGS DINGY DINIC DINKS DINKY DINNA DINOS DINTS DIODE DIOLS DIOTA DIPPY DIPSO DIRAM DIRER DIRGE DIRKE DIRKS DIRLS DIRTS DIRTY DISAS DISCI DISCO DISCS DISHY DISKS DISME DITAL DITAS DITCH DITED DITES DITSY DITTO DITTS DITTY DITZY DIVAN DIVAS DIVED DIVER DIVES DIVIS DIVOT DIVVY DIWAN DIXIE DIXIT DIZEN DIZZY DJINN DJINS DOABS DOATS DOBBY DOBIE DOBLA DOBRA DOBRO DOCHT DOCKS DOCOS DODDY DODGE DODGY DODOS DOEKS DOERS DOEST DOETH DOFFS DOGES DOGEY DOGGO DOGGY DOGIE DOGMA DOHYO DOILT DOILY DOING DOITS DOJOS DOLCE DOLCI DOLED DOLES DOLIA DOLLS DOLLY DOLMA DOLOR DOLOS DOLTS DOMAL DOMED DOMES DOMIC DONAH DONAS DONEE DONER DONGA DONGS DONKO DONNA DONNE DONNY DONOR DONSY DONUT DOOBS DOODY DOOKS DOOLE DOOLS DOOLY DOOMS DOOMY DOONA DOORN DOORS DOOZY DOPAS DOPED DOPER DOPES DOPEY DORAD DORBA DORBS DOREE DORIC DORIS DORKS DORKY DORMS DORMY DORPS DORRS DORSA DORSE DORTS DORTY DOSED DOSEH DOSER DOSES DOTAL DOTED DOTER DOTES DOTTY DOUAR DOUBT DOUCE DOUCS DOUGH DOUKS DOULA DOUMA DOUMS DOUPS DOURA DOUSE DOUTS DOVED DOVEN DOVER DOVES DOVIE DOWAR DOWDS DOWDY DOWED DOWEL DOWER DOWIE DOWLE DOWLS DOWLY DOWNA DOWNS DOWNY DOWPS DOWRY DOWSE DOWTS DOXIE DOYEN DOYLY DOZED DOZEN DOZER DOZES DRABS DRACK DRACO DRAFF DRAFT DRAGS DRAIL DRAIN DRAKE DRAMA DRAMS DRANK DRANT DRAPE DRAPS DRATS DRAVE DRAWL DRAWN DRAWS DRAYS DREAD DREAM DREAR DRECK DREED DREES DREGS DREKS DRENT DRERE DRESS DREST DREYS DRIBS DRICE DRIED DRIER DRIES DRIFT DRILL DRILY DRINK DRIPS DRIPT DRIVE DROID DROIL DROIT DROLE DROLL DROME DRONE DRONY DROOB DROOG DROOK DROOL DROOP DROPS DROPT DROSS DROUK DROVE DROWN DROWS DRUBS DRUGS DRUID DRUMS DRUNK DRUPE DRUSE DRUSY DRUXY DRYAD DRYER DRYLY DSOBO DSOMO DUADS DUALS DUANS DUARS DUBBO DUCAL DUCAT DUCES DUCHY DUCKS DUCKY DUCTS DUDDY DUDED DUDES DUELS DUETS DUETT DUFFS DUFUS DUING DUITS DUKAS DUKED DUKES DUKKA DULES DULIA DULLS DULLY DULSE DUMAS DUMBO DUMBS DUMKA DUMKY DUMMY DUMPS DUMPY DUNAM DUNCE DUNCH DUNES DUNGS DUNGY DUNKS DUNNO DUNNY DUNSH DUNTS DUOMI DUOMO DUPED DUPER DUPES DUPLE DUPLY DUPPY DURAL DURAS DURED DURES DURGY DURNS DUROC DUROS DUROY DURRA DURRS DURRY DURST DURUM DURZI DUSKS DUSKY DUSTS DUSTY DUTCH DUVET DUXES DWAAL DWALE DWALM DWAMS DWANG DWARF DWAUM DWEEB DWELL DWELT DWILE DWINE DYADS DYERS DYING DYKED DYKES DYKEY DYNEL DYNES DZHOS EAGER EAGLE EAGRE EALES EANED EARDS EARED EARLS EARLY EARNS EARST EARTH EASED EASEL EASER EASES EASLE EASTS EATEN EATER EATHE EAVED EAVES EBBED EBBET EBONS EBONY EBOOK ECADS ECHED ECHES ECHOS ECLAT ECRUS EDEMA EDGED EDGER EDGES EDICT EDIFY EDILE EDITS EDUCE EDUCT EEJIT EERIE EEVEN EEVNS EFFED EGADS EGERS EGEST EGGAR EGGED EGGER EGMAS EGRET EHING EIDER EIDOS EIGHT EIGNE EIKED EIKON EILDS EISEL EJECT EKING EKKAS ELAIN ELAND ELANS ELATE ELBOW ELCHI ELDER ELDIN ELECT ELEGY ELEMI ELFED ELFIN ELIAD ELIDE ELINT ELITE ELMEN ELOGE ELOGY ELOIN ELOPE ELOPS ELPEE ELSIN ELUDE ELUTE ELVAN ELVER ELVES EMACS EMAIL EMBAR EMBAY EMBED EMBER EMBOG EMBOW EMBOX EMBUS EMCEE EMEER EMEND EMERY EMEUS EMIRS EMITS EMMAS EMMER EMMET EMMEW EMMYS EMONG EMOTE EMOVE EMPTS EMPTY EMULE EMURE EMYDE EMYDS ENACT ENARM ENATE ENDED ENDER ENDEW ENDOW ENDUE ENEMA ENEMY ENEWS ENFIX ENIAC ENJOY ENLIT ENMEW ENNOG ENNUI ENOKI ENOLS ENORM ENOWS ENROL ENSEW ENSKY ENSUE ENTER ENTIA ENTRY ENURE ENVOI ENVOY ENZYM EORLS EOSIN EPACT EPEES EPHAH EPHAS EPHOD EPHOR EPICS EPOCH EPODE EPOPT EPOXY EPRIS EPROM EQUAL EQUID EQUIP ERASE ERBIA ERECT EREVS ERGON ERGOS ERGOT ERICA ERICK ERICS ERING ERNED ERNES ERODE EROSE ERRED ERROR ERSES ERUCT ERUGO ERUPT ERUVS ERVEN ERVIL ESCAR ESCOT ESILE ESKAR ESKER ESNES ESSAY
ESSES ESTER ESTOC ESTOP ESTRO ETAGE ETAPE ETATS ETENS ETHAL ETHER ETHIC ETHOS ETHYL ETNAS ETTIN ETTLE ETUDE ETUIS ETWEE ETYMA EUGHS EUKED EUPAD EUROS EUSOL EVADE EVENS EVENT EVERT EVERY EVETS EVHOE EVICT EVILS EVITE EVOHE EVOKE EWERS EWEST EWHOW EWKED EXACT EXALT EXAMS EXCEL EXEAT EXECS EXEEM EXEME EXERT EXIES EXILE EXINE EXING EXIST EXITS EXODE EXONS EXPAT EXPEL EXPOS EXTOL EXTRA EXUDE EXULS EXULT EXURB EYASS EYERS EYING EYOTS EYRAS EYRES EYRIE EYRIR FABLE FACED FACER FACES FACET FACIA FACTS FADDY FADED FADER FADES FADGE FADOS FAENA FAERY FAFFS FAGGY FAGIN FAGOT FAIKS FAILS FAINE FAINS FAINT FAIRS FAIRY FAITH FAKED FAKER FAKES FAKEY FAKIR FALAJ FALLS FALSE FAMED FAMES FANAL FANCY FANDS FANES FANGA FANGO FANGS FANKS FANNY FANON FANOS FANUM FAQIR FARAD FARCE FARCI FARCY FARDS FARED FARER FARES FARLE FARLS FARMS FAROS FARSE FARTS FASCI FASTI FASTS FATAL FATED FATES FATLY FATSO FATTY FATWA FAUGH FAULD FAULT FAUNA FAUNS FAURD FAUTS FAUVE FAVAS FAVEL FAVER FAVES FAVOR FAVUS FAWNS FAWNY FAXED FAXES FAYED FAYER FAYNE FAYRE FAZED FAZES FEALS FEARE FEARS FEASE FEAST FEATS FEAZE FECAL FECES FECHT FECIT FECKS FEDEX FEEBS FEEDS FEELS FEENS FEERS FEESE FEEZE FEHME FEIGN FEINT FEIST FELID FELLA FELLS FELLY FELON FELTS FELTY FEMAL FEMES FEMME FEMMY FEMUR FENCE FENDS FENDY FENIS FENKS FENNY FENTS FEODS FEOFF FERAL FERER FERES FERIA FERLY FERMI FERMS FERNS FERNY FERRY FESSE FESTA FESTS FESTY FETAL FETAS FETCH FETED FETES FETID FETOR FETTA FETTS FETUS FETWA FEUAR FEUDS FEUED FEVER FEWER FEYED FEYER FEYLY FEZES FEZZY FIARS FIATS FIBER FIBRE FIBRO FICES FICHE FICHU FICIN FICOS FICUS FIDGE FIDOS FIEFS FIELD FIEND FIENT FIERE FIERS FIERY FIEST FIFED FIFER FIFES FIFTH FIFTY FIGHT FIGOS FIKED FIKES FILAR FILCH FILED FILER FILES FILET FILLE FILLO FILLS FILLY FILMI FILMS FILMY FILOS FILTH FILUM FINAL FINCA FINCH FINDS FINED FINER FINES FINIS FINKS FINNY FINOS FIORD FIQUE FIRED FIRER FIRES FIRIE FIRKS FIRMS FIRNS FIRRY FIRST FIRTH FISCS FISHY FISKS FISTS FISTY FITCH FITLY FITNA FITTE FITTS FIVER FIVES FIXED FIXER FIXES FIXIT FIZZY FJELD FJORD FLABS FLACK FLAFF FLAGS FLAIL FLAIR FLAKE FLAKS FLAKY FLAME FLAMM FLAMS FLAMY FLANK FLANS FLAPS FLARE FLARY FLASH FLASK FLATS FLAWN FLAWS FLAWY FLAXY FLAYS FLEAM FLEAS FLECK FLEER FLEES FLEET FLEGS FLEME FLESH FLEWS FLEXO FLEYS FLICK FLICS FLIED FLIER FLIES FLIMP FLIMS FLING FLINT FLIPS FLIRS FLIRT FLISK FLITE FLITS FLITT FLOAT FLOCK FLOCS FLOES FLOGS FLONG FLOOD FLOOR FLOPS FLORA FLORS FLORY FLOSH FLOSS FLOTA FLOTE FLOUR FLOUT FLOWN FLOWS FLUBS FLUED FLUES FLUEY FLUFF FLUID FLUKE FLUKY FLUME FLUMP FLUNG FLUNK FLUOR FLURR FLUSH FLUTE FLUTY FLUYT FLYBY FLYER FLYPE FLYTE FOALS FOAMS FOAMY FOCAL FOCUS FOEHN FOGEY FOGGY FOGIE FOGLE FOHNS FOIDS FOILS FOINS FOIST FOLDS FOLEY FOLIA FOLIC FOLIE FOLIO FOLKS FOLKY FOLLY FOMES FONDA FONDS FONDU FONLY FONTS FOODS FOODY FOOLS FOOTS FOOTY FORAM FORAY FORBS FORBY FORCE FORDO FORDS FOREL FORES FOREX FORGE FORGO FORKS FORKY FORME FORMS FORTE FORTH FORTS FORTY FORUM FORZA FORZE FOSSA FOSSE FOUAT FOUDS FOUER FOUET FOULE FOULS FOUND FOUNT FOURS FOUTH FOVEA FOWLS FOWTH FOXED FOXES FOXIE FOYER FOYLE FOYNE FRABS FRACK FRACT FRAGS FRAIL FRAIM FRAME FRANC FRANK FRAPE FRAPS FRASS FRATE FRATI FRATS FRAUD FRAUS FRAYS FREAK FREED FREER FREES FREET FREIT FREMD FRENA FREON FRERE FRESH FRETS FRIAR FRIBS FRIED FRIER FRIES FRIGS FRILL FRISE FRISK FRIST FRITH FRITS FRITT FRITZ FRIZE FRIZZ FROCK FROES FROGS FROND FRONS FRONT FRORE FRORN FRORY FROSH FROST FROTH FROWN FROWS FROWY FROZE FRUGS FRUIT FRUMP FRUSH FRUST FRYER FUBAR FUBBY FUBSY FUCKS FUCUS FUDDY FUDGE FUELS FUERO FUFFS FUFFY FUGAL FUGGY FUGIE FUGIO FUGLE FUGLY FUGUE FUGUS FUJIS FULLS FULLY FUMED FUMER FUMES FUMET FUNDI FUNDS FUNDY FUNGI FUNGO FUNGS FUNKS FUNKY FUNNY FURAL FURAN FURCA FURLS FUROL FUROR FURRS FURRY FURTH FURZE FURZY FUSED FUSEE FUSEL FUSES FUSIL FUSSY FUSTS FUSTY FUTON FUZED FUZEE FUZES FUZIL FUZZY FYCES FYKED FYKES FYLES FYRDS FYTTE GABBY GABLE GADDI GADES GADGE GADID GADIS GADJE GADJO GADSO GAFFE GAFFS GAGED GAGER GAGES GAIDS GAILY GAINS GAIRS GAITS GAITT GAJOS GALAH GALAS GALAX GALEA GALES GALLS GALLY GALOP GALUT GALVO GAMAS GAMAY GAMBA GAMBE GAMBO GAMBS GAMED GAMER GAMES GAMEY GAMIC GAMIN GAMMA GAMME GAMMY GAMPS GAMUT GANCH GANDY GANEF GANEV GANGS GANJA GANOF GANTS GAOLS GAPED GAPER GAPES GAPOS GAPPY GARBE GARBO GARBS GARDA GARIS GARNI GARRE GARTH GARUM GASES GASPS GASPY GASSY GASTS GATED GATER GATES GATHS GATOR GAUCY GAUDS GAUDY GAUGE GAUJE GAULT GAUMS GAUMY GAUNT GAUPS GAURS GAUSS GAUZE GAUZY GAVEL GAVOT GAWCY GAWDS GAWKS GAWKY GAWPS GAWSY GAYAL GAYER GAYLY GAZAL GAZAR GAZED GAZER GAZES GAZON GAZOO GEALS GEANS GEARE GEARS GEATS GEBUR GECKO GECKS GEEKS GEEKY GEEPS GEESE GEEST GEIST GEITS GELDS GELEE GELID GELLY GELTS GEMEL GEMMA GEMMY GEMOT GENAL GENAS GENES GENET GENIC GENIE GENII GENIP GENNY GENOA GENOM GENRE GENRO GENTS GENTY GENUA GENUS GEODE GEOID GERAH GERBE GERES GERLE GERMS GERMY GERNE GESSE GESSO GESTE GESTS GETAS GETUP GEUMS GEYAN GEYER GHAST GHATS GHAUT GHAZI GHEES GHEST GHOST GHOUL GHYLL GIANT
GIBED GIBEL GIBER GIBES GIBLI GIBUS GIDDY GIFTS GIGAS GIGHE GIGOT GIGUE GILAS GILDS GILET GILLS GILLY GILPY GILTS GIMEL GIMME GIMPS GIMPY GINGE GINGS GINKS GINNY GINZO GIPON GIPPO GIPPY GIPSY GIRDS GIRLS GIRLY GIRNS GIRON GIROS GIRRS GIRSH GIRTH GIRTS GISMO GISMS GISTS GITES GIUST GIVED GIVEN GIVER GIVES GIZMO GLACE GLADE GLADS GLADY GLAIK GLAIR GLAMS GLAND GLANS GLARE GLARY GLASS GLAUM GLAUR GLAZE GLAZY GLEAM GLEAN GLEBA GLEBE GLEBY GLEDE GLEDS GLEED GLEEK GLEES GLEET GLEIS GLENS GLENT GLEYS GLIAL GLIAS GLIBS GLIDE GLIFF GLIFT GLIKE GLIME GLIMS GLINT GLISK GLITS GLITZ GLOAM GLOAT GLOBE GLOBI GLOBS GLOBY GLODE GLOGG GLOMS GLOOM GLOOP GLOPS GLORY GLOSS GLOST GLOUT GLOVE GLOWS GLOZE GLUED GLUER GLUES GLUEY GLUGS GLUME GLUMS GLUON GLUTE GLUTS GLYPH GNARL GNARR GNARS GNASH GNATS GNAWN GNAWS GNOME GNOWS GOADS GOAFS GOALS GOARY GOATS GOATY GOBAN GOBBI GOBBO GOBBY GOBOS GODET GODLY GODSO GOELS GOERS GOETY GOFER GOFFS GOGGA GOGOS GOIER GOING GOLDS GOLDY GOLEM GOLES GOLFS GOLLY GOLPE GOLPS GOMBO GOMER GOMPA GONAD GONEF GONER GONGS GONIA GONIF GONKS GONNA GONOF GONYS GONZO GOOBY GOODS GOODY GOOEY GOOFS GOOFY GOOGS GOOKS GOOKY GOOLD GOOLS GOOLY GOONS GOONY GOOPS GOOPY GOORS GOORY GOOSE GOOSY GOPAK GOPIK GORAL GORAS GORED GORES GORGE GORIS GORMS GORMY GORPS GORSE GORSY GOSHT GOSSE GOTHS GOTTA GOUGE GOUKS GOURA GOURD GOUTS GOUTY GOWAN GOWDS GOWFS GOWKS GOWLS GOWNS GOXES GOYIM GRAAL GRABS GRACE GRADE GRADS GRAFF GRAFT GRAIL GRAIN GRAIP GRAMA GRAME GRAMP GRAMS GRANA GRAND GRANS GRANT GRAPE GRAPH GRAPY GRASP GRASS GRATE GRAVE GRAVS GRAVY GRAYS GRAZE GREAT GREBE GRECE GREED GREEK GREEN GREES GREET GREGE GREGO GREIN GRENS GRENZ GRESE GREVE GREWS GREYS GRICE GRIDE GRIDS GRIEF GRIFF GRIFT GRIGS GRIKE GRILL GRIME GRIMY GRIND GRINS GRIOT GRIPE GRIPS GRIPT GRIPY GRISE GRIST GRISY GRITH GRITS GRIZE GROAN GROAT GRODY GROGS GROIN GROKS GROMA GRONE GROOF GROOM GROPE GROSS GROSZ GROTS GROUF GROUP GROUT GROVE GROWL GROWN GROWS GRUBS GRUED GRUEL GRUES GRUFE GRUFF GRUME GRUMP GRUNT GRYCE GRYDE GRYKE GRYPE GRYPT GUACO GUANA GUANO GUANS GUARD GUARS GUAVA GUCKS GUCKY GUDES GUESS GUEST GUFFS GUGAS GUIDE GUIDS GUILD GUILE GUILT GUIMP GUIRO GUISE GULAG GULAR GULAS GULCH GULES GULFS GULFY GULLS GULLY GULPH GULPS GULPY GUMBO GUMMA GUMMY GUMPS GUNDY GUNGE GUNGY GUNKS GUNKY GUNNY GUPPY GURGE GURLS GURLY GURNS GURRY GURSH GURUS GUSHY GUSLA GUSLE GUSLI GUSSY GUSTO GUSTS GUSTY GUTSY GUTTA GUTTY GUYED GUYLE GUYOT GUYSE GWINE GYALS GYBED GYBES GYELD GYMPS GYNAE GYNIE GYNNY GYOZA GYPPO GYPPY GYPSY GYRAL GYRED GYRES GYRON GYROS GYRUS GYTES GYVED GYVES HAAFS HAARS HABIT HABLE HABUS HACEK HACKS HADAL HADED HADES HADJI HADST HAEMS HAETS HAFFS HAFIZ HAFTS HAGGS HAHAS HAICK HAIKA HAIKS HAIKU HAILS HAILY HAINS HAINT HAIRS HAIRY HAITH HAJES HAJIS HAJJI HAKAM HAKAS HAKEA HAKES HAKIM HAKUS HALAL HALED HALER HALES HALFA HALFS HALID HALLO HALLS HALMA HALMS HALON HALOS HALSE HALTS HALVA HALVE HAMAL HAMBA HAMED HAMES HAMMY HAMZA HANAP HANCE HANCH HANDS HANDY HANGI HANGS HANKS HANKY HANSA HANSE HANTS HAOLE HAOMA HAPAX HAPLY HAPPY HAPUS HARAM HARDS HARDY HARED HAREM HARES HARIM HARKS HARLS HARMS HARNS HAROS HARPS HARPY HARRY HARSH HARTS HASHY HASKS HASPS HASTA HASTE HASTY HATCH HATED HATER HATES HATHA HAUDS HAUFS HAUGH HAULD HAULM HAULS HAULT HAUNT HAUSE HAUTE HAVEN HAVER HAVES HAVOC HAWED HAWKS HAWMS HAWSE HAYED HAYER HAYEY HAYLE HAZAN HAZED HAZEL HAZER HAZES HEADS HEADY HEALD HEALS HEAME HEAPS HEAPY HEARD HEARE HEARS HEART HEAST HEATH HEATS HEAVE HEAVY HEBEN HEBES HECHT HECKS HEDER HEDGE HEDGY HEEDS HEEDY HEELS HEEZE HEFTE HEFTS HEFTY HEIDS HEIGH HEILS HEIRS HEIST HEJAB HEJRA HELED HELES HELIO HELIX HELLO HELLS HELMS HELOS HELOT HELPS HELVE HEMAL HEMES HEMIC HEMIN HEMPS HEMPY HENCE HENDS HENGE HENNA HENNY HENRY HENTS HEPAR HERBS HERBY HERDS HERES HERLS HERMA HERMS HERNS HEROE HERON HEROS HERRY HERSE HERTZ HERYE HESPS HESTS HETES HETHS HEUCH HEUGH HEVEA HEWED HEWER HEWGH HEXAD HEXED HEXER HEXES HEXYL HEYED HIANT HICKS HIDED HIDER HIDES HIEMS HIGHS HIGHT HIJAB HIJRA HIKED HIKER HIKES HIKOI HILAR HILCH HILLO HILLS HILLY HILTS HILUM HILUS HIMBO HINAU HINDS HINGE HINGS HINKY HINNY HINTS HIOIS HIPLY HIPPO HIPPY HIRED HIREE HIRER HIRES HISSY HISTS HITCH HITHE HIVED HIVER HIVES HIZEN HOAED HOAGY HOARD HOARS HOARY HOAST HOBBY HOBOS HOCKS HOCUS HODAD HODJA HOERS HOGAN HOGEN HOGGS HOGHS HOHED HOICK HOIKS HOING HOISE HOIST HOKED HOKES HOKEY HOKIS HOKKU HOKUM HOLDS HOLED HOLES HOLEY HOLKS HOLLA HOLLO HOLLY HOLMS HOLON HOLTS HOMAS HOMED HOMER HOMES HOMEY HOMIE HOMME HOMOS HONAN HONDA HONDS HONED HONER HONES HONEY HONGI HONGS HONKS HONKY HONOR HOOCH HOODS HOODY HOOEY HOOFS HOOKA HOOKS HOOKY HOOLY HOONS HOOPS HOORD HOOSH HOOTS HOOTY HOOVE HOPED HOPER HOPES HOPPY HORAH HORAL HORAS HORDE HORIS HORME HORNS HORNY HORSE HORST HORSY HOSED HOSEL HOSEN HOSER HOSES HOSEY HOSTA HOSTS HOTCH HOTEL HOTEN HOTLY HOTTY HOUFF HOUFS HOUGH HOUND HOURI HOURS HOUSE HOUTS HOVEA HOVED HOVEL HOVEN HOVER HOVES HOWBE HOWDY HOWES HOWFF HOWFS HOWKS HOWLS HOWRE HOWSO HOXED HOXES HOYAS HOYED HOYLE HUBBY HUCKS HUDNA
